ID,LAST_UPDATED_DATE,PAYMENT_NUMBER,PAYMENT_TYPE,PAYMENT_STATUS,PAYMENT_AMOUNT,PAYMENT_EFFECTIVE_START_DATE,PAYMENT_EFFECTIVE_END_DATE,CONTRACT_NUMBER,PAYMENT_UPDATED,PERSON_ID_MIS
PM000002,2026-02-01 14:30:00,691587,MAINTENANCE PAYMENT,Processed,2117.71,2026-01-09,2026-02-22,CN-000002,Paid,1LI1AW85HZ
PM000003,2026-02-01 14:30:00,090399,MAINTENANCE PAYMENT,Processed,2518.00,2026-01-09,2026-02-09,CN-000003,Paid,L11TC4IR7M
PM000004,2026-02-01 14:30:00,107672,MONTHLY FAMILY CARE RATE,Processed,2077.64,2026-01-18,2026-02-11,CN-000004,Paid,TP23ZDDTYZ
PM005,2026-02-01 14:30:00,900005,MAINTENANCE PAYMENT,Processed,2500.00,2026-01-01,2026-12-31,CN-005,Paid,MIS005
PM006,2026-02-01 14:30:00,900006,MAINTENANCE PAYMENT,Processed,2600.00,2026-01-01,2026-12-31,CN-006,Paid,MIS006
PM007,2026-02-01 14:30:00,900007,MAINTENANCE PAYMENT,Processed,2700.00,2026-01-01,2026-12-31,CN-007,Paid,MIS007
PM008,2026-02-01 14:30:00,900008,MAINTENANCE PAYMENT,Processed,2800.00,2026-01-01,2026-12-31,CN-008,Paid,MIS008
PM009,2026-02-01 14:30:00,900009,MAINTENANCE PAYMENT,Processed,2900.00,2026-01-01,2026-12-31,CN-009,Paid,MIS009
PM010,2026-02-01 14:30:00,900010,MAINTENANCE PAYMENT,Processed,3000.00,2026-01-01,2026-12-31,CN-010,Paid,MIS010
PM011,2026-02-01 14:30:00,900011,MAINTENANCE PAYMENT,Processed,3100.00,2026-01-01,2026-12-31,CN-011,Paid,MIS011
PM012,2026-02-01 14:30:00,900012,MAINTENANCE PAYMENT,Processed,3200.00,2026-01-01,2026-12-31,CN-012,Paid,MIS012
PM013,2026-02-01 14:30:00,900013,MAINTENANCE PAYMENT,Processed,3300.00,2026-01-01,2026-12-31,CN-013,Paid,MIS013
PM014,2026-02-01 14:30:00,900014,MAINTENANCE PAYMENT,Processed,3400.00,2026-01-01,2026-12-31,CN-014,Paid,MIS014
PM015,2026-02-01 14:30:00,900015,MAINTENANCE PAYMENT,Processed,3500.00,2026-01-01,2026-12-31,CN-015,Paid,MIS015
PM016,2026-02-01 14:30:00,900016,MAINTENANCE PAYMENT,Processed,3600.00,2026-01-01,2026-12-31,CN-016,Paid,MIS016
PM017,2026-02-01 14:30:00,900017,MAINTENANCE PAYMENT,Processed,3700.00,2026-01-01,2026-12-31,CN-017,Paid,MIS017
PM018,2026-02-01 14:30:00,900018,MAINTENANCE PAYMENT,Processed,3800.00,2026-01-01,2026-12-31,CN-018,Paid,MIS018
PM019,2026-02-01 14:30:00,900019,MAINTENANCE PAYMENT,Processed,3900.00,2026-01-01,2026-12-31,CN-019,Paid,MIS019
PM020,2026-02-01 14:30:00,900020,MAINTENANCE PAYMENT,Processed,2000.00,2026-01-01,2026-12-31,CN-020,Paid,MIS020
PM021,2026-02-01 14:30:00,900021,MAINTENANCE PAYMENT,Processed,2100.00,2026-01-01,2026-12-31,CN-021,Paid,MIS021
PM022,2026-02-01 14:30:00,900022,MAINTENANCE PAYMENT,Processed,2200.00,2026-01-01,2026-12-31,CN-022,Paid,MIS022
PM023,2026-02-01 14:30:00,900023,MAINTENANCE PAYMENT,Processed,2300.00,2026-01-01,2026-12-31,CN-023,Paid,MIS023
PM024,2026-02-01 14:30:00,900024,MAINTENANCE PAYMENT,Processed,2400.00,2026-01-01,2026-12-31,CN-024,Paid,MIS024
PM025,2026-02-01 14:30:00,900025,MAINTENANCE PAYMENT,Processed,2500.00,2026-01-01,2026-12-31,CN-025,Paid,MIS025
PM026,2026-02-01 14:30:00,900026,MAINTENANCE PAYMENT,Processed,2600.00,2026-01-01,2026-12-31,CN-026,Paid,MIS026
PM027,2026-02-01 14:30:00,900027,MAINTENANCE PAYMENT,Processed,2700.00,2026-01-01,2026-12-31,CN-027,Paid,MIS027
PM028,2026-02-01 14:30:00,900028,MAINTENANCE PAYMENT,Processed,2800.00,2026-01-01,2026-12-31,CN-028,Paid,MIS028
PM029,2026-02-01 14:30:00,900029,MAINTENANCE PAYMENT,Processed,2900.00,2026-01-01,2026-12-31,CN-029,Paid,MIS029
PM030,2026-02-01 14:30:00,900030,MAINTENANCE PAYMENT,Processed,3000.00,2026-01-01,2026-12-31,CN-030,Paid,MIS030
PM031,2026-02-01 14:30:00,900031,MAINTENANCE PAYMENT,Processed,3100.00,2026-01-01,2026-12-31,CN-031,Paid,MIS031
PM032,2026-08-08 14:30:00,900032,MAINTENANCE PAYMENT,Processed,3200.00,2026-01-01,2026-12-31,CN-032,Paid,MIS032
PM033,2026-08-08 14:30:00,900033,MAINTENANCE PAYMENT,Processed,3300.00,2026-01-01,2026-12-31,CN-033,Paid,MIS033
PM034,2026-08-08 14:30:00,900034,MAINTENANCE PAYMENT,Processed,3400.00,2026-01-01,2026-12-31,CN-034,Paid,MIS034
PM035,2026-08-08 14:30:00,900035,MAINTENANCE PAYMENT,Processed,3500.00,2026-01-01,2026-12-31,CN-035,Paid,MIS035
PM036,2026-08-08 14:30:00,900036,MAINTENANCE PAYMENT,Processed,3600.00,2026-01-01,2026-12-31,CN-036,Paid,MIS036
PM037,2026-08-08 14:30:00,900037,MAINTENANCE PAYMENT,Processed,3700.00,2026-01-01,2026-12-31,CN-037,Paid,MIS037
PM038,2026-08-08 14:30:00,900038,MAINTENANCE PAYMENT,Processed,3800.00,2026-01-01,2026-12-31,CN-038,Paid,MIS038
PM039,2026-08-08 14:30:00,900039,MAINTENANCE PAYMENT,Processed,3900.00,2026-01-01,2026-12-31,CN-039,Paid,MIS039
PM040,2026-08-08 14:30:00,900040,MAINTENANCE PAYMENT,Processed,2000.00,2026-01-01,2026-12-31,CN-040,Paid,MIS040
PM041,2026-08-08 14:30:00,900041,MAINTENANCE PAYMENT,Processed,2100.00,2026-01-01,2026-12-31,CN-041,Paid,MIS041
